source_name,country,tier,type,url
NRK,Norway,2,rss,https://www.nrk.no/toppsaker.rss
VG,Norway,2,webpage,https://www.vg.no/
Aftenposten,Norway,2,rss,https://www.aftenposten.no/rss
Dagbladet,Norway,2,webpage,https://www.dagbladet.no/
Dagens Naeringsliv,Norway,2,rss,https://www.dn.no/rss
Klassekampen,Norway,2,rss,https://klassekampen.no/rss
Framtida,Norway,2,rss,https://www.framtida.no/rss
ERR,Estonia,2,rss,https://www.err.ee/rss
Delfi,Estonia,2,rss,https://www.delfi.ee/rss
Postimees,Estonia,2,rss,https://www.postimees.ee/rss
Ohtuleht,Estonia,2,rss,https://www.ohtuleht.ee/rss
Eesti Paevaleht,Estonia,2,rss,https://epl.delfi.ee/rss
Aripaev,Estonia,2,rss,https://www.aripaev.ee/rss
Eesti Ekspress,Estonia,2,rss,https://ekspress.delfi.ee/rss
NOS,Netherlands,2,webpage,https://nos.nl/
De Telegraaf,Netherlands,2,rss,https://www.telegraaf.nl/rss
NRC,Netherlands,2,rss,https://www.nrc.nl/rss
De Volkskrant,Netherlands,2,rss,https://www.volkskrant.nl/rss.xml
AD,Netherlands,2,rss,https://www.ad.nl/rss.xml
Trouw,Netherlands,2,rss,https://www.trouw.nl/rss.xml
De Groene Amsterdammer,Netherlands,2,rss,https://www.groene.nl/rss
Elsevier,Netherlands,2,rss,https://www.elsevierweekblad.nl/rss
Parool,Netherlands,2,rss,https://www.parool.nl/rss.xml
SVT,Sweden,2,rss,https://www.svt.se/rss.xml
Dagens Nyheter,Sweden,2,rss,https://www.dn.se/rss
Aftonbladet,Sweden,2,rss,https://www.aftonbladet.se/rss.xml
Expressen,Sweden,2,rss,https://www.expressen.se/rss
Svenska Dagbladet,Sweden,2,rss,https://www.svd.se/rss
Goteborgs-Posten,Sweden,2,rss,https://www.gp.se/rss
Sydsvenskan,Sweden,2,rss,https://www.sydsvenskan.se/rss
Dagens Industri,Sweden,2,rss,https://www.di.se/rss
Yle,Finland,2,rss,https://yle.fi/rss
Helsingin Sanomat,Finland,2,rss,https://www.hs.fi/rss
Ilta-Sanomat,Finland,2,rss,https://www.is.fi/rss
MTV3,Finland,2,rss,https://www.mtvuutiset.fi/api/feed/rss/mtv_uusimmat_100
Iltalehti,Finland,2,rss,https://www.iltalehti.fi/rss.xml
Kaleva,Finland,2,rss,https://www.kaleva.fi/rss
Aamulehti,Finland,2,rss,https://www.aamulehti.fi/rss
Turun Sanomat,Finland,2,rss,https://www.ts.fi/rss.xml
DR,Denmark,2,rss,https://www.dr.dk/rss
TV2,Denmark,2,rss,https://tv2.dk/rss
Politiken,Denmark,2,rss,https://politiken.dk/rss
Jyllands-Posten,Denmark,2,rss,https://feeds.jp.dk/jp/topnyheder
Berlingske,Denmark,2,rss,https://www.berlingske.dk/rss
Information,Denmark,2,rss,https://www.information.dk/feed/
Ekstra Bladet,Denmark,2,rss,https://ekstrabladet.dk/rss
Borsen,Denmark,2,rss,https://borsen.dk/rss
RTE News,Ireland,2,rss,https://www.rte.ie/news/rss/
The Irish Times,Ireland,2,rss,https://www.irishtimes.com/arc/outboundfeeds/rss/?outputType=xml
Irish Independent,Ireland,2,rss,https://www.independent.ie/rss
TheJournal.ie,Ireland,2,rss,https://www.thejournal.ie/feed/
Irish Examiner,Ireland,2,rss,https://feeds.feedburner.com/ietopstories
Irish Mirror,Ireland,2,rss,https://www.irishmirror.ie/rss
RTE Brainstorm,Ireland,2,rss,https://www.rte.ie/brainstorm/rss/
Newstalk,Ireland,2,rss,https://www.newstalk.com/feed/
Publico,Portugal,2,rss,https://www.publico.pt/rss
Diario de Noticias,Portugal,2,rss,https://www.dn.pt/feed/
Jornal de Noticias,Portugal,2,rss,https://www.jn.pt/rss
Observador,Portugal,2,rss,https://observador.pt/rss
SIC Noticias,Portugal,2,rss,https://sicnoticias.pt/rss
Correio da Manha,Portugal,2,rss,https://www.cmjornal.pt/rss
Expresso,Portugal,2,rss,https://expresso.pt/rss
RTP Noticias,Portugal,2,webpage,https://www.rtp.pt/
SRF,Switzerland,2,webpage,https://www.srf.ch/
20 Minuten,Switzerland,2,webpage,https://www.20min.ch/
NZZ,Switzerland,2,rss,https://www.nzz.ch/rss
Tages-Anzeiger,Switzerland,2,rss,https://www.tagesanzeiger.ch/rss
Le Temps,Switzerland,2,rss,https://www.letemps.ch/feed/
Blick,Switzerland,2,rss,https://www.blick.ch/rss
Le Matin,Switzerland,2,webpage,https://www.lematin.ch/
Corriere del Ticino,Switzerland,2,rss,https://www.corriere.ch/rss
Berner Zeitung,Switzerland,2,webpage,https://www.bernerzeitung.ch/
Novinky.cz,Czech Republic,2,rss,https://www.novinky.cz/rss
iDNES.cz,Czech Republic,2,rss,https://servis.idnes.cz/rss.aspx
Aktuально.cz,Czech Republic,2,rss,https://zpravy.aktualne.cz/rss
Lidovky.cz,Czech Republic,2,rss,https://servis.idnes.cz/rss.aspx
Seznam Zpravy,Czech Republic,2,rss,https://www.seznamzpravy.cz/rss
Ceske Noviny,Czech Republic,2,rss,https://www.ceskenoviny.cz/sluzby/rss/zpravy.php
Parlamentni Listy,Czech Republic,2,rss,http://www.parlamentnilisty.cz/export/rss.aspx
Echo24,Czech Republic,2,rss,https://www.echo24.cz/rss/s/homepage
ARD Tagesschau,Germany,2,rss,http://www.tagesschau.de/xml/rss2
Spiegel,Germany,2,rss,https://www.spiegel.de/schlagzeilen/index.rss
Die Welt,Germany,2,rss,https://www.welt.de/feeds.rss
FAZ,Germany,2,rss,https://www.faz.net/rss/aktuell/
Sueddeutsche Zeitung,Germany,2,rss,https://www.sueddeutsche.de/rss/aktuell
Deutsche Welle,Germany,2,rss,https://rss.dw.com/rdf/rss-en-all
ZEIT ONLINE,Germany,2,rss,http://newsfeed.zeit.de/index
Focus,Germany,2,rss,https://rss.focus.de/fol/XML/rss_folnews.xml
Handelsblatt,Germany,2,rss,https://www.handelsblatt.com/rss
Berliner Zeitung,Germany,2,rss,https://www.berliner-zeitung.de/feed/
Merkur,Germany,2,rss,https://www.merkur.de/rssfeed.rdf
RND,Germany,2,rss,https://www.rnd.de/rss
n-tv,Germany,2,rss,https://www.n-tv.de/rss
Vaterland,Liechtenstein,2,webpage,https://www.vaterland.li/
Volksblatt,Liechtenstein,2,rss,https://www.volksblatt.li/rss
RTL,Luxembourg,2,rss,https://www.rtl.lu/rss
Tageblatt,Luxembourg,2,webpage,https://www.tageblatt.lu/
Luxemburger Wort,Luxembourg,2,rss,https://www.wort.lu/rss
L'Essentiel,Luxembourg,2,webpage,https://www.lessentiel.lu/
Le Quotidien,Luxembourg,2,rss,https://lequotidien.lu/rss
Delfi,Lithuania,2,rss,https://www.delfi.lt/rss
Lietuvos Rytas,Lithuania,2,rss,https://www.lrytas.lt/rss
15min,Lithuania,2,rss,https://www.15min.lt/rss
LRT,Lithuania,2,webpage,https://www.lrt.lt/
Balsas,Lithuania,2,rss,https://www.balsas.lt/rss
Respublika,Lithuania,2,rss,https://www.respublika.lt/feed.php?format=rss
Kauno Diena,Lithuania,2,rss,https://www.kaunodiena.lt/rss
Delfi,Latvia,2,rss,https://www.delfi.lv/rss.xml
TVNET,Latvia,2,rss,https://www.tvnet.lv/rss
Diena,Latvia,2,rss,https://www.diena.lv/rss
LSM,Latvia,2,rss,https://www.lsm.lv/rss
Neatkariga,Latvia,2,webpage,https://nra.lv/
Latvijas Avize,Latvia,2,rss,https://www.la.lv/feed/
RUV,Iceland,2,rss,https://www.ruv.is/rss
Mbl.is,Iceland,2,rss,https://www.mbl.is/feeds/fp/
Visir,Iceland,2,webpage,https://www.visir.is/
Frettabladid,Iceland,2,rss,https://www.frettabladid.is/rss
Le Soir,Belgium,2,rss,https://www.lesoir.be/rss
De Standaard,Belgium,2,rss,https://www.standaard.be/rss
L'Echo,Belgium,2,rss,https://www.lecho.be/rss
De Morgen,Belgium,2,rss,https://www.demorgen.be/rss.xml
RTBF,Belgium,2,webpage,https://www.rtbf.be/
Het Laatste Nieuws,Belgium,2,rss,https://www.hln.be/rss.xml
Knack,Belgium,2,rss,https://www.knack.be/feed/
Le Vif,Belgium,2,rss,https://www.levif.be/feed/
La Libre,Belgium,2,rss,https://www.lalibre.be/rss
BBC News,United Kingdom,2,rss,http://feeds.bbci.co.uk/news/rss.xml
The Guardian,United Kingdom,2,rss,https://www.theguardian.com/uk/rss
The Independent,United Kingdom,2,rss,http://www.independent.co.uk/news/uk/rss
Daily Mail,United Kingdom,2,rss,https://www.dailymail.co.uk/home/index.rss
The Telegraph,United Kingdom,2,rss,https://www.telegraph.co.uk/rss.xml
Sky News,United Kingdom,2,rss,https://feeds.skynews.com/feeds/rss/home.xml
Reuters UK,United Kingdom,2,rss,https://www.reuters.com/places/uk/rss
Financial Times,United Kingdom,2,rss,https://www.ft.com/rss/home
The Economist,United Kingdom,2,rss,https://www.economist.com/the-world-this-week/rss
Evening Standard,United Kingdom,2,rss,https://www.standard.co.uk/news/rss
Metro,United Kingdom,2,rss,https://metro.co.uk/feed/
The Scotsman,United Kingdom,2,rss,https://www.scotsman.com/rss
Wales Online,United Kingdom,2,rss,https://www.walesonline.co.uk/rss
ORF.at,Austria,2,webpage,https://www.orf.at/
Der Standard,Austria,2,rss,https://www.derstandard.at/rss
Krone.at,Austria,2,rss,https://api.krone.at/v1/rss/rssfeed-google.xml?id=2311992
Kurier,Austria,2,rss,https://kurier.at/xml/rss
Die Presse,Austria,2,rss,https://www.diepresse.com/rss
Salzburger Nachrichten,Austria,2,webpage,https://www.sn.at/
Tiroler Tageszeitung,Austria,2,rss,https://www.tt.com/rss/news.xml
Kleine Zeitung,Austria,2,rss,https://www.kleinezeitung.at/rss
Profil,Austria,2,rss,https://www.profil.at/rss.xml
El Pais,Spain,2,rss,https://feeds.elpais.com/mrss-s/pages/ep/site/elpais.com/portada
El Mundo,Spain,2,rss,https://www.elmundo.es/rss/googlenews/portada.xml
La Vanguardia,Spain,2,rss,https://www.lavanguardia.com/rss/home.xml
ABC,Spain,2,rss,https://www.abc.es/rss/2.0/portada/
El Confidencial,Spain,2,rss,https://rss.elconfidencial.com/espana/
El Diario,Spain,2,rss,https://www.eldiario.es/rss/
20 Minutos,Spain,2,rss,https://www.20minutos.es/rss
El Periodico,Spain,2,rss,https://www.elperiodico.com/rss
Cinco Dias,Spain,2,rss,https://cincodias.elpais.com/rss
Expansion,Spain,2,rss,https://e01-expansion.uecdn.es/rss/portada.xml
Le Monde,France,2,rss,https://www.lemonde.fr/rss/une.xml
Le Figaro,France,2,rss,https://www.lefigaro.fr/rss
France 24,France,2,rss,https://www.france24.com/en/rss
Liberation,France,2,rss,https://www.liberation.fr/rss
Le Parisien,France,2,rss,https://www.leparisien.fr/rss
Mediapart,France,2,rss,https://www.mediapart.fr/articles/feed
L'Obs,France,2,rss,https://www.nouvelobs.com/a-la-une/rss.xml
Les Echos,France,2,rss,https://www.lesechos.fr/rss
La Croix,France,2,rss,https://www.la-croix.com/rss
Marianne,France,2,rss,https://www.marianne.net/rss
Le Point,France,2,rss,https://www.lepoint.fr/rss
BFM TV,France,2,rss,https://www.bfmtv.com/rss
News24,South Africa,2,rss,http://feeds.news24.com/articles/news24/TopStories/rss
Mail & Guardian,South Africa,2,rss,https://mg.co.za/atom/
Daily Maverick,South Africa,2,rss,https://www.dailymaverick.co.za/dmrss/
The Citizen,South Africa,2,rss,https://citizen.co.za/feed/
IOL News,South Africa,2,rss,http://rss.iol.io/iol/news
TimesLIVE,South Africa,2,rss,https://www.timeslive.co.za/rss/
Fin24,South Africa,2,rss,https://www.fin24.com/rss
Moneyweb,South Africa,2,rss,https://moneyweb.co.za/feed/
Business Day,South Africa,2,rss,https://www.businesslive.co.za/rss
Sunday Times,South Africa,2,rss,https://www.timeslive.co.za/sunday-times/rss/
AllAfrica,South Africa,2,rss,https://allafrica.com/rss/all
Africanews,South Africa,2,rss,https://www.africanews.com/feed/
Gazeta Wyborcza,Poland,2,rss,https://wyborcza.pl/pub/rss/najnowsze_wyborcza.xml
Rzeczpospolita,Poland,2,rss,https://www.rp.pl/rss/1019
Onet,Poland,2,rss,https://www.onet.pl/rss
Wirtualna Polska,Poland,2,webpage,https://www.wp.pl/
RMF24,Poland,2,rss,https://www.rmf24.pl/feed
PAP,Poland,2,rss,https://www.pap.pl/rss.xml
Newsweek Polska,Poland,2,rss,https://www.newsweek.pl/.feed
Wprost,Poland,2,rss,https://www.wprost.pl/rss
Polityka,Poland,2,webpage,https://www.polityka.pl/
Fakt,Poland,2,rss,https://www.fakt.pl/rss
RTV Slovenija,Slovenia,2,rss,https://www.rtvslo.si/rss
24ur,Slovenia,2,rss,https://www.24ur.com/rss
Dnevnik,Slovenia,2,rss,https://www.dnevnik.si/rss.xml
Siol,Slovenia,2,rss,https://www.siol.net/feeds/latest
Finance,Slovenia,2,rss,https://www.finance.si/rss
Mladina,Slovenia,2,webpage,https://www.mladina.si/
Ziarul de Garda,Moldova,2,rss,https://www.zdg.md/rss
Adevarul,Moldova,2,rss,https://adevarul.ro/rss/stiri-externe/republica-moldova
Publika TV,Moldova,2,webpage,https://www.publika.md/
NewsMaker,Moldova,2,rss,https://newsmaker.md/rss
Deschide,Moldova,2,rss,https://krjjgzewhghcdzckcjmb.supabase.co/functions/v1/rss
Vijesti,Montenegro,2,rss,https://www.vijesti.me/rss
Dnevne Novine,Montenegro,2,rss,https://www.dnevne.me/rss
RTCG,Montenegro,2,webpage,https://www.rtcg.me/
Cdm.me,Montenegro,2,rss,https://www.cdm.me/rss
Antena M,Montenegro,2,rss,https://antenam.net/rss
SME,Slovakia,2,rss,https://www.sme.sk/rss
Pravda,Slovakia,2,webpage,https://www.pravda.sk/
Dennik N,Slovakia,2,rss,https://dennikn.sk/rss
TA3,Slovakia,2,webpage,https://www.ta3.com/
Aktuality.sk,Slovakia,2,rss,https://www.aktuality.sk/rss
Hospodarske Noviny,Slovakia,2,rss,https://www.hnonline.sk/rss
Startitup,Slovakia,2,rss,https://www.startitup.sk/rss
Meta.mk,North Macedonia,2,rss,https://meta.mk/rss
360 Stepeni,North Macedonia,2,rss,https://360stepeni.mk/rss
MRT,North Macedonia,2,rss,https://www.mrt.com.mk/rss.xml
Sloboden Pecat,North Macedonia,2,rss,https://slobodenpecat.mk/rss
Faktor.mk,North Macedonia,2,rss,https://faktor.mk/feed/
Republika.mk,North Macedonia,2,rss,https://republika.mk/rss
Corriere della Sera,Italy,2,rss,https://www.corriere.it/rss/home_page.xml
La Repubblica,Italy,2,rss,https://www.repubblica.it/rss/homepage/rss2.0.xml
ANSA,Italy,2,rss,https://www.ansa.it/sito/ansait_rss.xml
Il Sole 24 Ore,Italy,2,rss,https://www.ilsole24ore.com/rss
La Stampa,Italy,2,rss,https://www.lastampa.it/rss
Il Fatto Quotidiano,Italy,2,rss,https://www.ilfattoquotidiano.it/feed/
Il Messaggero,Italy,2,rss,https://www.ilmessaggero.it/rss/home.xml
Il Giornale,Italy,2,rss,https://www.ilgiornale.it/arc/outboundfeeds/rss/?outputType=xml
HuffPost Italia,Italy,2,rss,https://www.huffingtonpost.it/rss
Sky TG24,Italy,2,webpage,https://tg24.sky.it/
Digi24,Romania,2,rss,https://www.digi24.ro/rss
HotNews,Romania,2,rss,https://www.hotnews.ro/rss
G4Media,Romania,2,rss,https://www.g4media.ro/rss
Adevarul,Romania,2,rss,https://adevarul.ro/rss
Libertatea,Romania,2,rss,https://www.libertatea.ro/rss
Ziarul Financiar,Romania,2,rss,https://www.zf.ro/rss
Mediafax,Romania,2,rss,https://www.mediafax.ro/rss
Romania TV,Romania,2,rss,https://www.romaniatv.net/rss
Cotidianul,Romania,2,rss,https://www.cotidianul.ro/rss
Jutarnji list,Croatia,2,rss,https://www.jutarnji.hr/feed/
Vecernji list,Croatia,2,rss,https://www.vecernji.hr/rss
24sata,Croatia,2,rss,https://www.24sata.hr/feeds/najnovije.xml
Index.hr,Croatia,2,rss,https://www.index.hr/rss
HRT,Croatia,2,rss,https://hrt.hr/rss
Tportal,Croatia,2,rss,https://www.tportal.hr/rss
Narodni,Croatia,2,rss,https://narodni.hr/rss
Dalmatinski Portal,Croatia,2,webpage,https://dalmatinskiportal.hr/
UNIAN,Ukraine,2,rss,https://rss.unian.net/site/news_eng.rss
Ukrayinska Pravda,Ukraine,2,rss,https://www.pravda.com.ua/rss/
TSN,Ukraine,2,rss,https://tsn.ua/rss/full.rss
Korrespondent,Ukraine,2,rss,http://k.img.com.ua/rss/ru/all_news2.0.xml
Ukrainski Novyny,Ukraine,2,webpage,https://ukranews.com/
LB.ua,Ukraine,2,rss,https://lb.ua/rss
ZN.ua,Ukraine,2,rss,https://zn.ua/ukr/rss/full.rss
Bondia,Andorra,2,rss,https://www.bondia.ad/rss.xml
ANA,Andorra,2,rss,https://www.ana.ad/rss/
Altaveu,Andorra,2,rss,https://www.altaveu.com/uploads/feeds/feed_altaveu_ca.xml
El Periodic,Andorra,2,rss,https://www.elperiodic.ad/rss/
Times of Malta,Malta,2,rss,https://www.timesofmalta.com/rss
Malta Independent,Malta,2,rss,https://www.independent.com.mt/newsfeed
TVM,Malta,2,rss,https://www.tvm.com.mt/rss
Lovin Malta,Malta,2,rss,https://lovinmalta.com/feed/
Newsbook,Malta,2,rss,https://newsbook.com.mt/feed/
Index,Hungary,2,webpage,https://index.hu/
Origo,Hungary,2,rss,https://www.origo.hu/publicapi/hu/rss/origo/articles
HVG,Hungary,2,rss,https://hvg.hu/rss
Nepszava,Hungary,2,rss,https://nepszava.hu/rss
Telex,Hungary,2,rss,https://telex.hu/rss
444.hu,Hungary,2,rss,https://444.hu/rss
Mandiner,Hungary,2,rss,https://mandiner.hu/rss
Magyar Nemzet,Hungary,2,rss,https://magyarnemzet.hu/feed/
24 Chasa,Bulgaria,2,rss,https://www.24chasa.bg/rss
Vesti.bg,Bulgaria,2,rss,https://vesti.bg/rss
Darik News,Bulgaria,2,rss,https://dariknews.bg/rss.php
Trud,Bulgaria,2,webpage,https://www.trud.bg/
Dir.bg,Bulgaria,2,webpage,https://dir.bg/
Novinite.bg,Bulgaria,2,rss,https://www.novinite.bg/rss
Mediapool,Bulgaria,2,rss,https://www.mediapool.bg/rss
Capital,Bulgaria,2,webpage,https://www.capital.bg/
Kathimerini,Cyprus,2,rss,https://www.kathimerini.com.cy/rss
Sigma Live,Cyprus,2,rss,https://www.sigmalive.com/rss
Cyprus Mail,Cyprus,2,rss,https://cyprus-mail.com/feed/
Philenews,Cyprus,2,rss,https://www.philenews.com/rss
In-Cyprus,Cyprus,2,rss,https://in-cyprus.philenews.com/rss
Al Jazeera,Qatar,2,rss,https://www.aljazeera.com/xml/rss/all.xml
Gulf Times,Qatar,2,rss,https://www.gulf-times.com/rss
The Peninsula,Qatar,2,rss,https://thepeninsulaqatar.com/rss
Qatar Tribune,Qatar,2,rss,https://www.qatar-tribune.com/rss
Al-Arab,Qatar,2,rss,https://www.al-arab.com/rss
Al-Sharq,Qatar,2,rss,https://al-sharq.com/rss
Qatar News Agency,Qatar,2,rss,https://www.qna.org.qa/rss
TOP Channel,Albania,2,rss,https://www.top-channel.tv/feed/
BalkanWeb,Albania,2,rss,https://www.balkanweb.com/feed/
Gazeta Panorama,Albania,2,rss,https://www.panorama.com.al/feed/
TV Klan,Albania,2,webpage,https://tvklan.al/
Newsbomb,Albania,2,webpage,https://www.newsbomb.al/
CNA,Albania,2,rss,https://cna.al/feed/
Reporters,Albania,2,rss,https://www.reporter.al/feed/
Klix,Bosnia and Herzegovina,2,rss,https://www.klix.ba/rss
Avaz,Bosnia and Herzegovina,2,rss,https://avaz.ba/rss
Nezavisne Novine,Bosnia and Herzegovina,2,rss,https://www.nezavisne.com/rss/najnovije
Oslobodjenje,Bosnia and Herzegovina,2,rss,https://www.oslobodjenje.ba/rss.xml
Radiosarajevo,Bosnia and Herzegovina,2,rss,https://www.radiosarajevo.ba/rss
Slobodna Bosna,Bosnia and Herzegovina,2,webpage,https://www.slobodna-bosna.ba/
Kathimerini,Greece,2,rss,https://www.kathimerini.gr/rss
To Vima,Greece,2,rss,https://www.tovima.gr/rss
Proto Thema,Greece,2,rss,https://www.protothema.gr/rss
Ethnos,Greece,2,rss,https://www.ethnos.gr/rss
SKAI,Greece,2,rss,https://www.skai.gr/rss.xml
Naftemporiki,Greece,2,rss,https://www.naftemporiki.gr/rss
Capital.gr,Greece,2,rss,https://www.capital.gr/api/tags/all/
Newsbomb.gr,Greece,2,rss,https://www.newsbomb.gr/oles-oi-eidhseis?format=feed&type=rss
Newsit,Greece,2,rss,https://www.newsit.gr/feed/
Nice-Matin Monaco,Monaco,2,rss,https://www.nicematin.com/rss
Monaco Tribune,Monaco,2,webpage,https://monacotribune.com/
San Marino RTV,San Marino,2,rss,https://www.sanmarinortv.sm/rss.xml
Vatican News,Vatican City,2,webpage,https://www.vaticannews.va/
L'Osservatore Romano,Vatican City,2,webpage,https://www.osservatoreromano.va/
Vatican Media,Vatican City,2,rss,https://www.vaticannews.va/en.rss.xml
B92,Serbia,3,rss,https://www.b92.net/feed/
Danas,Serbia,3,rss,https://www.danas.rs/rss
N1,Serbia,3,rss,https://n1info.rs/feed/
Politika,Serbia,3,rss,https://www.politika.rs/rss
Kurir,Serbia,3,rss,https://www.kurir.rs/rss
Informer,Serbia,3,rss,https://informer.rs/rss
Blic,Serbia,3,rss,https://www.blic.rs/rss
Koha,Kosovo,3,rss,https://www.koha.net/rss
RTK,Kosovo,3,rss,https://rtklive.com/rss
Gazeta Express,Kosovo,3,rss,https://www.gazetaexpress.com/rss
Insajderi,Kosovo,3,rss,https://insajderi.com/rss
KosovaPress,Kosovo,3,rss,https://www.kosovapress.com/rss
Haaretz,Israel,3,rss,https://www.haaretz.com/rss
Ynet,Israel,3,rss,https://www.ynet.co.il/rss
The Jerusalem Post,Israel,3,rss,https://www.jpost.com/rss
The Times of Israel,Israel,3,rss,https://www.timesofisrael.com/feed/
Channel 12,Israel,3,rss,https://12tv.co.il/rss
Channel 13,Israel,3,rss,https://13tv.co.il/rss
Arutz Sheva,Israel,3,rss,https://www.inn.co.il/Rss.aspx?act=.1
Walla News,Israel,3,rss,https://news.walla.co.il/rss
Interpressnews,Georgia,3,rss,https://www.interpressnews.ge/rss
1TV,Georgia,3,rss,https://1tv.ge/rss
Rustavi 2,Georgia,3,rss,https://rustavi2.com/rss
Ambebi.ge,Georgia,3,webpage,https://ambebi.ge/
Civil.ge,Georgia,3,rss,https://civil.ge/rss
Netgazeti,Georgia,3,rss,https://netgazeti.ge/rss
Formula,Georgia,3,webpage,https://formula.ge/
Daily Nation,Kenya,3,rss,https://nation.africa/kenya/rss.xml
The Standard,Kenya,3,rss,https://www.standardmedia.co.ke/rss
The Star,Kenya,3,rss,https://www.thestar.co.ke/rss
Business Daily,Kenya,3,rss,https://www.businessdaily.co.ke/rss
Citizen Digital,Kenya,3,rss,https://www.citizen.digital/feed.xml
Capital FM,Kenya,3,rss,https://www.capitalfm.co.ke/news/feed/
K24 TV,Kenya,3,rss,https://k24.digital/feed
NTV Kenya,Kenya,3,rss,https://ntvkenya.co.ke/feed/
The EastAfrican,Kenya,3,rss,https://www.theeastafrican.co.ke/rss.xml
AllAfrica,Kenya,3,rss,https://allafrica.com/rss/all
Africanews,Kenya,3,rss,https://www.africanews.com/feed/
Hespress,Morocco,3,rss,https://www.hespress.com/rss
Le Matin,Morocco,3,rss,https://lematin.ma/rss
Aujourd'hui le Maroc,Morocco,3,rss,https://aujourdhui.ma/feed
TelQuel,Morocco,3,rss,https://telquel.ma/rss
Hibapress,Morocco,3,rss,https://www.hibapress.com/rss
Almassa,Morocco,3,rss,https://www.almassa.ma/rss
L'Economiste,Morocco,3,rss,https://www.leconomiste.com/rss
AllAfrica,Morocco,3,rss,https://allafrica.com/rss/all
Africanews,Morocco,3,rss,https://www.africanews.com/feed/
Premium Times,Nigeria,3,rss,https://www.premiumtimesng.com/feed
The Guardian Nigeria,Nigeria,3,rss,https://guardian.ng/feed/
Vanguard,Nigeria,3,rss,https://www.vanguardngr.com/feed/
Punch,Nigeria,3,rss,https://punchng.com/feed/
Sahara Reporters,Nigeria,3,rss,https://saharareporters.com/rss.xml
Legit.ng,Nigeria,3,rss,https://www.legit.ng/rss/all.rss
This Day,Nigeria,3,rss,https://thisdaylive.com/feed/
The Cable,Nigeria,3,rss,https://www.thecable.ng/feed
Channels TV,Nigeria,3,rss,https://www.channelstv.com/feed/
Arise News,Nigeria,3,rss,https://www.arise.tv/feed/
Blueprint,Nigeria,3,rss,https://www.blueprint.ng/feed/
AllAfrica,Nigeria,3,rss,https://allafrica.com/rss/all
Africanews,Nigeria,3,rss,https://www.africanews.com/feed/
Echorouk,Algeria,3,rss,https://www.echoroukonline.com/rss
El Khabar,Algeria,3,rss,https://www.elkhabar.com/feed/
El Watan,Algeria,3,rss,https://www.elwatan.com/rss
TSA Algerie,Algeria,3,rss,https://www.tsa-algerie.com/feed/
El Bilad,Algeria,3,rss,https://www.elbilad.net/feed
Ennahar Online,Algeria,3,rss,https://www.ennaharonline.com/rss
Echourouk,Algeria,3,rss,https://www.echorouk.com/rss
Le Buteur,Algeria,3,rss,https://www.lebuteur.com/rss
AllAfrica,Algeria,3,rss,https://allafrica.com/rss/all
Africanews,Algeria,3,rss,https://www.africanews.com/feed/
Al-Rai Kuwait,Kuwait,3,rss,https://www.alraimedia.com/rss
Al-Qabas,Kuwait,3,rss,https://www.alqabas.com/rss
Kuwait Times,Kuwait,3,rss,https://www.kuwaittimes.com/rss
KUNA,Kuwait,3,rss,https://www.kuna.net.kw/rss
Al-Jarida,Kuwait,3,rss,https://www.aljarida.com/rss
Al-Seyassah,Kuwait,3,rss,https://www.al-seyassah.com/rss
Al-Anba,Kuwait,3,rss,https://www.alanba.com.kw/rss
Mosaique FM,Tunisia,3,rss,https://www.mosaiquefm.net/rss
Nawaat,Tunisia,3,rss,https://nawaat.org/feed/
Al-Chorouk,Tunisia,3,rss,https://www.alchourouk.com/rss
Kapitalis,Tunisia,3,rss,https://kapitalis.com/tunisie/feed/
Webmanagercenter,Tunisia,3,rss,https://www.webmanagercenter.com/feed/
Al-Hiwar,Tunisia,3,rss,https://www.alhiwar.net/rss
Tunisia News,Tunisia,3,rss,https://www.tunisien14.com/rss
AllAfrica,Tunisia,3,rss,https://allafrica.com/rss/all
Africanews,Tunisia,3,rss,https://www.africanews.com/feed/
L'Orient-Le Jour,Lebanon,3,rss,https://www.lorientlejour.com/rss
An-Nahar,Lebanon,3,rss,https://www.annahar.com/rss
Al-Akhbar,Lebanon,3,rss,https://www.al-akhbar.com/rss
The Daily Star,Lebanon,3,rss,https://www.dailystar.com.lb/rss
MTV Lebanon,Lebanon,3,rss,https://www.mtv.com.lb/rss
Al-Joumhouria,Lebanon,3,rss,https://www.aljoumhouria.com/rss
Assafir,Lebanon,3,rss,https://assafir.com/rss
Al-Manar,Lebanon,3,rss,https://www.almanar.com.lb/rss
Times of Oman,Oman,3,rss,https://timesofoman.com/feed/
Oman Observer,Oman,3,rss,https://www.omanobserver.om/rss
Al-Watan Oman,Oman,3,rss,https://alwatan.om/rss
Oman Daily,Oman,3,rss,https://omandaily.om/rss
Muscat Daily,Oman,3,rss,https://muscatdaily.com/rss
Oman News Agency,Oman,3,rss,https://omannews.gov.om/rss
Libya Herald,Libya,3,rss,https://www.libyaherald.com/feed/
Al-Wasat Libya,Libya,3,rss,https://www.alwasat.ly/rss
Quryna,Libya,3,rss,https://www.quryna.com/rss
Al-Jazeera Libya,Libya,3,rss,https://www.aljazeera.net/rss
Libya Al-Ahrar,Libya,3,rss,https://libyaalahrar.com/rss
218 TV,Libya,3,rss,https://www.channel218.tv/rss
AllAfrica,Libya,3,rss,https://allafrica.com/rss/all
Africanews,Libya,3,rss,https://www.africanews.com/feed/
Tengri News,Kazakhstan,4,webpage,https://tengrinews.kz/
Zakon.kz,Kazakhstan,4,webpage,https://www.zakon.kz/
Khabar,Kazakhstan,4,rss,https://khabar.kz/rss
Vlast.kz,Kazakhstan,4,rss,https://vlast.kz/feed/
Nur.kz,Kazakhstan,4,webpage,https://www.nur.kz/
Al-Rai,Jordan,4,rss,https://www.alrai.com/rss
Ammon News,Jordan,4,rss,https://www.ammonnews.net/rss
The Jordan Times,Jordan,4,rss,https://www.jordantimes.com/rss
Al-Ghad,Jordan,4,rss,https://www.alghad.com/rss
Petra News,Jordan,4,rss,https://petra.gov.jo/rss
Yemen Post,Yemen,4,rss,https://www.yemenpost.net/rss
Al-Masdar Online,Yemen,4,rss,https://almasdaronline.com/rss
Saba News,Yemen,4,rss,https://www.sabanews.net/rss
Yemen Shabab,Yemen,4,rss,https://www.yemenshabab.net/rss
Al-Thawra,Yemen,4,rss,https://althawra-yemen.net/rss
Al-Sahwa,Yemen,4,rss,https://alsahwa.net/rss
Al-Sumaria,Iraq,4,rss,https://www.alsumaria.tv/rss
Shafaq News,Iraq,4,rss,https://shafaq.com/rss
Al-Monitor Iraq,Iraq,4,rss,https://www.al-monitor.com/rss
Kurdistan 24,Iraq,4,rss,https://www.kurdistan24.net/rss
Al-Iraqiya,Iraq,4,rss,https://www.aliraqiya.net/rss
Rudaw,Iraq,4,rss,https://www.rudaw.net/rss
Al-Hurra Iraq,Iraq,4,rss,https://www.alhurra.com/rss
Sudan Tribune,Sudan,4,rss,https://www.sudantribune.com/feed/
Al-Sudani,Sudan,4,rss,https://www.alsudani.sd/rss
Radio Dabanga,Sudan,4,rss,https://www.dabanga.org/feed/
Sudan Vision,Sudan,4,rss,https://www.sudanvisiondaily.com/feed/
Al-Taghyeer,Sudan,4,rss,https://www.altaghyeer.info/ar/feed/
Radar News,Sudan,4,rss,https://radarnews.net/feed/
AllAfrica,Sudan,4,rss,https://allafrica.com/rss/all
Africanews,Sudan,4,rss,https://www.africanews.com/feed/
Bahrain News Agency,Bahrain,4,rss,https://www.bna.bh/rss
Al-Wasat,Bahrain,4,rss,https://www.alwasatnews.com/rss
Akhbar Al-Khaleej,Bahrain,4,webpage,https://www.akhbar-alkhaleej.com/
Trade Arabia,Bahrain,4,webpage,https://www.tradearabia.com/
Bahrain Mirror,Bahrain,4,rss,https://www.bahrainmirror.com/rss.xml
Hurriyet,Turkey,4,rss,https://www.hurriyet.com.tr/rss
Sozcu,Turkey,4,rss,https://www.sozcu.com.tr/rss.xml
Sabah,Turkey,4,rss,https://www.sabah.com.tr/rss/anasayfa.xml
Milliyet,Turkey,4,rss,https://www.milliyet.com.tr/rss
TRT World,Turkey,4,webpage,https://www.trtworld.com/
Daily Sabah,Turkey,4,rss,https://www.dailysabah.com/rss
Cumhuriyet,Turkey,4,rss,https://www.cumhuriyet.com.tr/rss
Yeni Safak,Turkey,4,rss,https://www.yenisafak.com/rss
Star,Turkey,4,webpage,https://www.star.com.tr/
Anadolu Agency,Turkey,4,webpage,https://www.aa.com.tr/
Arab News,Saudi Arabia,4,rss,https://www.arabnews.com/rss
Asharq Al-Awsat,Saudi Arabia,4,rss,https://aawsat.com/feed/
Al-Riyadh,Saudi Arabia,4,rss,https://www.alriyadh.com/rss
Saudi Gazette,Saudi Arabia,4,rss,https://saudigazette.com.sa/rss
Okaz,Saudi Arabia,4,rss,https://www.okaz.com.sa/rss
Al-Watan,Saudi Arabia,4,rss,https://www.alwatan.com.sa/feed/
Al-Jazirah,Saudi Arabia,4,rss,https://www.al-jazirah.com/rss
Sabq,Saudi Arabia,4,rss,https://sabq.org/rss
Maan News,Palestine,4,rss,https://www.maannews.net/rss
Wafa,Palestine,4,rss,https://wafa.ps/rss
Al-Quds,Palestine,4,rss,https://www.alquds.com/rss
Palestine Chronicle,Palestine,4,rss,https://palestinechronicle.com/feed/
Shehab News,Palestine,4,rss,https://shehabnews.com/rss
The National,United Arab Emirates,4,rss,https://www.thenationalnews.com/rss
Gulf News,United Arab Emirates,4,rss,https://gulfnews.com/feed/
Khaleej Times,United Arab Emirates,4,rss,https://www.khaleejtimes.com/api/v1/collections/top-section.rss
Al-Bayan,United Arab Emirates,4,rss,https://www.albayan.ae/rss
Emarat Al Youm,United Arab Emirates,4,rss,https://www.emaratalyoum.com/rss
Emirates 24/7,United Arab Emirates,4,rss,https://www.emirates247.com/rss/mobile/v2/flash-news.rss
Al-Ittihad,United Arab Emirates,4,rss,https://www.alittihad.ae/rss
Zawya,United Arab Emirates,4,rss,https://www.zawya.com/rss
Onliner,Belarus,4,rss,https://www.onliner.by/feed
BelTA,Belarus,4,rss,https://www.belta.by/rss/
Nasha Niva,Belarus,4,webpage,https://nashaniva.by/
Charter97,Belarus,4,webpage,https://charter97.org/
Euroradio,Belarus,4,webpage,https://euroradio.fm/
Belsat,Belarus,4,webpage,https://belsat.eu/
Al-Ahram,Egypt,4,webpage,https://www.ahram.org.eg/
Youm7,Egypt,4,webpage,https://www.youm7.com/
Al-Masry Al-Youm,Egypt,4,rss,https://www.almasryalyoum.com/rss
Daily News Egypt,Egypt,4,rss,https://dailynewsegypt.com/feed/
Mada Masr,Egypt,4,rss,https://www.madamasr.com/feed/
Al-Bawaba,Egypt,4,rss,https://www.albawabhnews.com/rss.aspx
Veto Gate,Egypt,4,rss,https://www.vetogate.com/rss
Cairo 24,Egypt,4,rss,https://www.cairo24.com/rss
Enterprise.news,Egypt,4,rss,https://enterprise.news/rss
Al-Ahram,Egypt,4,rss,https://www.ahram.org.eg/rss
Youm7,Egypt,4,rss,https://www.youm7.com/rss
Al-Masry Al-Youm,Egypt,4,rss,https://www.almasryalyoum.com/rss
Daily News Egypt,Egypt,4,rss,https://dailynewsegypt.com/feed/
Mada Masr,Egypt,4,rss,https://www.madamasr.com/feed/
Al-Bawaba,Egypt,4,rss,https://www.albawabhnews.com/rss
Veto Gate,Egypt,4,rss,https://www.vetogate.com/rss
Cairo 24,Egypt,4,rss,https://www.cairo24.com/rss
Watani,Egypt,4,rss,https://www.watanionline.com/feed/
Enterprise.news,Egypt,4,rss,https://enterprise.news/rss
AllAfrica,Egypt,4,rss,https://allafrica.com/rss/all
Africanews,Egypt,4,rss,https://www.africanews.com/feed/
TASS,Russia,4,rss,http://tass.com/rss/v2.xml
RIA Novosti,Russia,4,rss,https://ria.ru/export/rss2/archive/index.xml
Lenta.ru,Russia,4,rss,https://lenta.ru/rss
Kommersant,Russia,4,rss,https://www.kommersant.ru/RSS/main.xml
Meduza,Russia,4,rss,https://meduza.io/rss/all
Vedomosti,Russia,4,webpage,https://www.vedomosti.ru/
Novaya Gazeta,Russia,4,webpage,https://novayagazeta.ru/
RBK,Russia,4,rss,https://www.rbc.ru/newsfeed.rss
Gazeta.ru,Russia,4,rss,https://www.gazeta.ru/rss
Tasnim News,Iran,4,rss,https://www.tasnimnews.com/fa/rss/feed/0/8/0/
Fars News,Iran,4,rss,https://www.farsnews.ir/rss
ISNA,Iran,4,rss,https://www.isna.ir/rss
Mehr News,Iran,4,rss,https://www.mehrnews.com/rss
Radio Farda,Iran,4,rss,https://www.radiofarda.com/rss
Press TV,Iran,4,rss,https://www.presstv.com/rss
Al-Alam,Iran,4,rss,https://www.alalam.ir/rss
Aftab News,Iran,4,rss,https://www.aftabnews.ir/fa/rss/allnews
Entekhab,Iran,4,rss,https://www.entekhab.ir/fa/rss/allnews
SANA,Syria,4,rss,https://www.sana.sy/rss
Syria Direct,Syria,4,rss,https://syriadirect.org/feed/
Zaman Al-Wasl,Syria,4,rss,https://www.zamanalwsl.net/rss
Enab Baladi,Syria,4,rss,https://enabbaladi.net/feed/
Syria TV,Syria,4,rss,https://syria.tv/rss
Orient News,Syria,4,rss,https://orientnews.net/rss
U.S. Department of State Travel Advisories,Global ,1,reference,https://travel.state.gov
STEP (Smart Traveler Enrollment Program),Global ,1,reference,https://step.state.gov
UK Foreign & Commonwealth Office Travel Advice,Global ,1,reference,https://www.gov.uk/foreign-travel-advice
ACLED (Armed Conflict Location & Event Data),Global ,1,reference,https://acleddata.com
World Monitor,Global ,1,reference,https://worldmonitor.app
GDELT Project,Global ,1,reference,https://www.gdeltproject.org
Recorded Future (Geopolitical Intelligence),Global ,1,reference,https://www.recordedfuture.com
DigitalStakeout,Global ,1,reference,https://www.digitalstakeout.com
Crisis24 / GardaWorld (Free Alerts),Global ,1,reference,https://crisis24.garda.com
CIA World Factbook,Global ,1,reference,https://www.cia.gov/the-world-factbook/
ReliefWeb,Global ,1,reference,https://reliefweb.int
Global Peace Index (IEP),Global ,1,reference,https://www.visionofhumanity.org/maps/
World Bank Open Data,Global ,1,reference,https://data.worldbank.org
INTERPOL Notices,Global ,1,reference,https://www.interpol.int/en/How-we-work/Notices/View-Red-Notices
SIPRI (Stockholm International Peace Research Institute),Global ,1,reference,https://www.sipri.org/databases
Freedom House – Freedom in the World,Global ,1,reference,https://freedomhouse.org/report/freedom-world
Transparency International – Corruption Perceptions Index,Global ,1,reference,https://www.transparency.org/en/cpi
OSINT Framework,Global ,1,reference,https://osintframework.com
Australia DFAT Smartraveller,Global ,1,reference,https://www.smartraveller.gov.au
Canada Travel Advisories (Global Affairs Canada),Global ,1,reference,https://travel.gc.ca/travelling/advisories
UN Security Council Sanctions List,Global ,1,reference,https://main.un.org/securitycouncil/en/content/un-sc-consolidated-list
Minerva Intelligence / World Affairs Geopolitical Risk Calculator,Global ,1,reference,https://worldaffairsblog.com/tools/geopolitical-risk-calculator
Numbeo Crime Index,Global ,1,reference,https://www.numbeo.com/crime/
Control Risks (RiskMap – Free Access),Global ,1,reference,https://www.controlrisks.com/our-thinking/riskmap
Economist Intelligence Unit (EIU),Global ,1,reference,https://www.eiu.com
Verisk Maplecroft,Global ,1,reference,https://www.maplecroft.com
Jane's (now Janes.com),Global ,1,reference,https://www.janes.com
Brookings Institution,Global ,1,reference,https://www.brookings.edu/topic/international-affairs/
Council on Foreign Relations (CFR) – Global Conflict Tracker,Global ,1,reference,https://www.cfr.org/global-conflict-tracker
International Crisis Group,Global ,1,reference,https://www.crisisgroup.org
Airbus World Watch / OSINT Dashboard Aggregators,Global ,1,reference,https://github.com/topics/geopolitical-analysis
Global Terrorism Database (GTD),Global ,1,reference,https://www.start.umd.edu/gtd
The International Centre for Counter-Terrorism (ICCT) ,Global ,1,reference,https://icct.nl/
Counterterrorism Group ,Global ,1,reference,https://www.counterterrorismgroup.com/
GTTAC / GRID Database,Global ,1,reference,https://www.gttac.org
Carnegie Global Protest Tracker,Global ,1,reference,https://carnegieendowment.org/features/global-protest-tracker
Liferaft Navigator,Global ,1,reference,https://www.liferaftinc.com
UNODC Data Portal,Global ,1,reference,https://www.unodc.org/unodc/en/data-and-analysis/statistics/index.html
Global Organized Crime Index,Global ,1,reference,https://ocindex.net
World Bank Enterprise Survey,Global ,1,reference,https://www.enterprisesurveys.org
OpenSanctions,Global ,1,reference,https://www.opensanctions.org
CISA Known Exploited Vulnerabilities (KEV) Catalog,Global ,1,reference,https://www.cisa.gov/known-exploited-vulnerabilities-catalog
MITRE ATT&CK Framework,Global ,1,reference,https://attack.mitre.org
MISP (Malware Information Sharing Platform),Global ,1,reference,https://www.misp-project.org
National Vulnerability Database (NVD),Global ,1,reference,https://nvd.nist.gov
AlienVault Open Threat Exchange (OTX),Global ,1,reference,https://otx.alienvault.com
AbuseIPDB,Global ,1,reference,https://www.abuseipdb.com
Ransomware.live,Global ,1,reference,https://www.ransomware.live
OSV (Open Source Vulnerabilities),Global ,1,reference,https://osv.dev
Wazuh,Global ,1,reference,https://wazuh.com
WHO EIOS (Epidemic Intelligence from Open Sources),Global ,1,reference,https://www.who.int/initiatives/eios
ProMED Mail,Global ,1,reference,https://promedmail.org
BEACON Platform,Global ,1,reference,https://www.beaconplatform.org
CDC Global Health Protection,Global ,1,reference,https://www.cdc.gov/global-health-protection
Human Epidemic Database (HED),Global ,1,reference,https://www.globalepidemics.org
OFAC Sanctions List Search Tool,Global ,1,reference,https://sanctionssearch.ofac.treas.gov/Default.aspx
SimpleRisk,Global ,1,reference,https://www.simplerisk.com
Eramba,Global ,1,reference,https://www.eramba.org
FDA Adverse Event Monitoring System (AEMS),Global ,1,reference,https://www.fda.gov/drugs/surveillance/fda-adverse-event-monitoring-system-aems
EMA EudraVigilance,Global ,1,reference,https://www.ema.europa.eu/en/human-regulatory-overview/post-authorisation/pharmacovigilance-post-authorisation/eudravigilance
WHO VigiAccess,Global ,1,reference,https://www.vigiaccess.org
Fullintel,Global ,1,reference,https://www.fullintel.com
Medical.watch,Global ,1,reference,https://www.medical.watch
DisasterAWARE,Global ,1,reference,https://explore.disasteraware.com
DisasterWatch (InnoEco),Global ,1,reference,https://www.disasterwatch.io
NASA Earthdata / Disasters Mapping Portal,Global ,1,reference,https://earthdata.nasa.gov/learn/pathfinders/disasters
Copernicus Climate Data Store (CDS),Global ,1,reference,https://cds.climate.copernicus.eu
ThinkHazard!,Global ,1,reference,https://thinkhazard.org
NASA WorldClim,Global ,1,reference,https://worldclim.org
OS-Climate (Linux Foundation),Global ,1,reference,https://os-climate.org
National Weather Service (NOAA),United States,1,reference,https://www.weather.gov/
US Geological Survey (USGS),United States,1,reference,https://www.usgs.gov/
Environment and Climate Change Canada (ECCC),Canada,1,reference,https://www.canada.ca/en/environment-climate-change.html
Met Office (UK),United Kingdom,1,reference,https://www.metoffice.gov.uk/
Bureau of Meteorology (BoM) (Australia),Australia,1,reference,http://www.bom.gov.au/
Japan Meteorological Agency (JMA),Japan,1,reference,https://www.jma.go.jp/jma/indexe.html
China Meteorological Administration (CMA),China,1,reference,http://www.cma.gov.cn/en/
Central Weather Administration,Taiwan,1,reference,https://www.cwa.gov.tw/eng/
India Meteorological Department (IMD),India,1,reference,https://mausam.imd.gov.in/
Deutscher Wetterdienst (DWD) (Germany),Germany,1,reference,https://www.dwd.de/EN/Home/home_node.html
Météo-France,France,1,reference,https://www.meteofrance.com/
AEMET (Spain),Spain,1,reference,https://www.aemet.es/en/portada
Swedish Meteorological and Hydrological Institute (SMHI),Sweden,1,reference,https://www.smhi.se/en
European Centre for Medium-Range Weather Forecasts (ECMWF),Europe,1,reference,https://www.ecmwf.int/
National Institute of Meteorology (INMET) (Brazil),Brazil,1,reference,https://portal.inmet.gov.br/
South African Weather Service (SAWS),South Africa,1,reference,https://www.weathersa.co.za/
MetService (New Zealand),New Zealand,1,reference,https://www.metservice.com/
NIWA (New Zealand),New Zealand,1,reference,https://niwa.co.nz/
Roshydromet (Russia),Russia,1,reference,https://www.meteorf.ru/en/
Servicio Meteorológico Nacional (SMN) (Mexico),Mexico,1,reference,https://smn.conagua.gob.mx/
Korea Meteorological Administration (KMA),Korea,1,reference,https://web.kma.go.kr/eng/index.jsp
Finnish Meteorological Institute (FMI),Finland,1,reference,https://en.ilmatieteenlaitos.fi/
Argentine National Meteorological Service (SMN),Argentina,1,reference,https://www.smn.gob.ar/
National Centre for Seismology (NCS) (India),India,1,reference,https://seismo.gov.in/
PAGASA (Philippines),Philippines,1,reference,https://www.pagasa.dost.gov.ph/
BMKG,Indonesia,1,reference,https://www.bmkg.go.id/
Geoscience Australia,Australia,1,reference,https://www.ga.gov.au/
Discovery Alert,Australia,1,reference,https://discoveryalert.com.au/about/
X (formerly Twitter),Global ,1,reference,https://x.com
Facebook / Meta,Global ,1,reference,https://www.facebook.com
Telegram,Global ,1,reference,https://telegram.org
Reddit,Global ,1,reference,https://www.reddit.com
LinkedIn,Global ,1,reference,https://www.linkedin.com
YouTube,Global ,1,reference,https://www.youtube.com
Flashpoint (Echosec),Global ,1,reference,https://www.flashpoint.io
ShadowDragon Horizon® Monitor,Global ,1,reference,https://shadowdragon.io
Brandwatch,Global ,1,reference,https://www.brandwatch.com
Meltwater,Global ,1,reference,https://www.meltwater.com
Talkwalker / Hootsuite (OSINT module),Global ,1,reference,https://www.talkwalker.com
Sprinklr Insights,Global ,1,reference,https://www.sprinklr.com/insights
Maltego,Global ,1,reference,https://www.maltego.com
SpiderFoot,Global ,1,reference,https://www.spiderfoot.net
Just Security,Global,1,reference,https://www.justsecurity.org/
Arab Center Washington DC,Middle East / North Africa,1,reference,https://arabcenterdc.org/
Middle East Council on Global Affairs,Middle East / North Africa,1,reference,https://mecouncil.org/
Atlantic Council,Global,1,reference,https://www.atlanticcouncil.org/
Chatham House,Global,1,reference,https://www.chathamhouse.org/
UK Parliament Research Briefings,United Kingdom,1,reference,https://researchbriefings.parliament.uk/
RUSI Emerging Insights,Global,1,reference,https://www.rusi.org/explore-our-research/publications/emerging-insights
RSDI,Middle East / North Africa,1,reference,https://rsdi.ae/
Reuters,Global ,Global,reference,https://www.reuters.com
Associated Press (AP) / AP Intelligence,Global ,Global,reference,https://apnews.com
Bloomberg Terminal / Bloomberg Geopolitical Risk Scores,Global ,Global,reference,https://www.bloomberg.com/professional/solution/bloomberg-terminal
Google News (Alerts),Global ,Global,reference,https://news.google.com
Feedly / Feedly Threat Intelligence,Global ,Global,reference,https://feedly.com
Fox News,Global,Global,reference,https://www.foxnews.com/
Time,Global,Global,reference,https://time.com/
NPR,US / Global,Global,reference,https://www.npr.org/
CBS News,US / Global,Global,reference,https://www.cbsnews.com/
The Hill,US,Global,reference,https://thehill.com/
Middle East Eye,Middle East / North Africa,Global,reference,https://www.middleeasteye.net/
The New Arab,Middle East / North Africa,Global,reference,https://www.newarab.com/
Times of Islamabad,Pakistan / South Asia,Global,reference,https://timesofislamabad.com/
bne IntelliNews,Emerging Markets / EMEA,Global,reference,https://www.intellinews.com/
The Washington Times,US,Global,reference,https://www.washingtontimes.com/
The Week (India),India / South Asia,Global,reference,https://www.theweek.in/
The Star (Malaysia),Malaysia / Southeast Asia,Global,reference,https://www.thestar.com.my/
Malay Mail,Malaysia / Southeast Asia,Global,reference,https://www.malaymail.com/
Bernama,Malaysia / Southeast Asia,Global,reference,https://www.bernama.com/en/
Euronews,Europe ,Global,reference,https://www.euronews.com/
Politico Europe,Europe ,Global,reference,https://www.politico.eu/
The Times (UK),United Kingdom,Global,reference,https://www.thetimes.co.uk/
The Local (Germany),Germany,Global,reference,https://www.thelocal.de/
The Africa Report,Africa,Global,reference,https://www.theafricareport.com/
APS (Algérie Presse Service),Algeria,Global,reference,https://www.aps.dz/
TAP (Tunis Afrique Presse),Tunisia,Global,reference,https://www.tap.info.tn/
La Presse de Tunisie,Tunisia,Global,reference,https://lapresse.tn/
Webdo,Tunisia,Global,reference,https://www.webdo.tn/
SowetanLIVE,South Africa,Global,reference,https://www.sowetanlive.co.za/
MAP (Maghreb Arabe Presse),Morocco,Global,reference,https://www.mapnews.ma/
Ahram Online,Egypt,Global,reference,https://english.ahram.org.eg/
Gulf Daily News,Bahrain,Global,reference,https://www.gdnonline.com/
Al Ayam,Bahrain,Global,reference,https://www.alayam.com/
Roya News,Jordan,Global,reference,https://en.royanews.tv/
Arab Times Kuwait,Kuwait,Global,reference,https://www.arabtimesonline.com/
L'Orient Today,Lebanon,Global,reference,https://today.lorientlejour.com/
The Hindu,India,Global,reference,https://www.thehindu.com/
The Indian Express,India,Global,reference,https://indianexpress.com/
Hindustan Times,India,Global,reference,https://www.hindustantimes.com/
Deccan Herald,India,Global,reference,https://www.deccanherald.com/
Livemint,India,Global,reference,https://www.livemint.com/
The Wire,India,Global,reference,https://thewire.in/
Scroll.in,India,Global,reference,https://scroll.in/
Press Trust of India (PTI),India,Global,reference,https://www.ptinews.com/
